{"cameraMode":{"drawMode":0,"name":"Shaded","section":"Shading Mode"},"sceneLighting":false,"audioPlay":false,"sceneViewState":{"showFog":true,"showMaterialUpdate":false,"showSkybox":false,"showFlares":true,"showImageEffects":true,"showParticleSystems":true},"in2DMode":false,"pivot":{"x":-2.2342417240142824,"y":1.4768333435058594,"z":15.785832405090332},"rotation":{"x":-0.051047321408987048,"y":0.30908262729644778,"z":-0.016616569831967355,"w":-0.9495212435722351},"size":7.643134117126465,"orthographic":false}