{"cameraMode":{"drawMode":0,"name":"Shaded","section":"Shading Mode"},"sceneLighting":false,"audioPlay":false,"sceneViewState":{"showFog":true,"showMaterialUpdate":false,"showSkybox":false,"showFlares":true,"showImageEffects":true,"showParticleSystems":true},"in2DMode":false,"pivot":{"x":-4.972667694091797,"y":3.763679265975952,"z":17.36260223388672},"rotation":{"x":0.016398906707763673,"y":0.4427070617675781,"z":0.008098573423922062,"w":-0.8964827656745911},"size":7.643134117126465,"orthographic":false}